segment,field,value,category,dependencies,confidence_level,manual_effort,ai_achievable,impact_if_missing,last_updated,updated_by
Chaos Monkey,What Is It,Automated testing framework that simulates failures and edge cases to ensure system resilience,definition,,100,Low,Yes,No baseline for system reliability,2024-01-01T00:00:00Z,system
Chaos Monkey,Core Purpose,Proactively discover bugs before users do by injecting controlled chaos into the system,definition,,100,Low,Yes,Reactive bug fixing only - users find bugs first,2024-01-01T00:00:00Z,system
Chaos Monkey,API Testing,Tests all 12 AI provider endpoints for error handling and edge cases,benefit,API Integration|Error Handling,95,High,Yes,Unhandled API errors crash the app,2024-01-01T00:00:00Z,system
Chaos Monkey,Security Testing,Validates authentication and prevents injection attacks and XSS vulnerabilities,benefit,User Authentication|Input Validation,98,Very High,Partial,Security vulnerabilities exposed to hackers,2024-01-01T00:00:00Z,system
Chaos Monkey,Load Testing,Simulates 50+ concurrent users to ensure system handles traffic spikes,benefit,Rate Limiting|API Rotation,90,Very High,Yes,System crashes during traffic spikes,2024-01-01T00:00:00Z,system
Chaos Monkey,Error Catalog,Documents all possible error states with proper handling strategies,benefit,Error Handling|UX Flow,85,High,Yes,Inconsistent error messages confuse users,2024-01-01T00:00:00Z,system
Chaos Monkey,Regression Prevention,Catches bugs introduced by new code changes before deployment,value,CI/CD Pipeline|Code Quality,92,Very High,Yes,New features break existing functionality,2024-01-01T00:00:00Z,system
Chaos Monkey,Developer Confidence,Provides 95%+ confidence that code changes won't break production,value,Deployment Process|Code Review,95,Medium,Yes,Fear of deploying leads to slow releases,2024-01-01T00:00:00Z,system
Chaos Monkey,Documentation,Auto-generates test reports showing system health and coverage,value,Admin Panel|Monitoring,88,High,Yes,No visibility into system reliability,2024-01-01T00:00:00Z,system
Chaos Monkey,Cost Savings,Prevents expensive production incidents and emergency fixes,value,Budget|Operations,90,Very High,Yes,$10K+ per production incident on average,2024-01-01T00:00:00Z,system
Chaos Monkey,Time Savings,Reduces manual QA time by 80% through automation,value,Development Speed|Team Productivity,85,Very High,Yes,2-3 days manual testing per release,2024-01-01T00:00:00Z,system
Chaos Monkey,API Integration,Requires working API endpoints to test against,dependency,Backend Server|Environment Config,100,Low,Yes,Cannot run API tests without endpoints,2024-01-01T00:00:00Z,system
Chaos Monkey,Rate Limiting,Tests rate limit enforcement and bypass attempts,dependency,User Authentication|Credit System,90,High,Yes,Rate limits may not work correctly,2024-01-01T00:00:00Z,system
Chaos Monkey,Error Handling,Validates all error paths return proper responses,dependency,UX Flow|Frontend Components,88,High,Yes,Unhandled errors show raw stack traces,2024-01-01T00:00:00Z,system
Chaos Monkey,User Authentication,Tests login/logout and session management,dependency,User Accounts|Security,95,Very High,Partial,Auth bypasses possible,2024-01-01T00:00:00Z,system
Chaos Monkey,Credit System,Validates credit deduction and limit enforcement,dependency,User Accounts|Billing,92,High,Yes,Users could get free credits,2024-01-01T00:00:00Z,system
Chaos Monkey,Without Testing,No confidence in system reliability - hope-based deployment,risk,,0,None,No,Production failures and user churn,2024-01-01T00:00:00Z,system
Chaos Monkey,Without Testing,Security vulnerabilities remain undiscovered until exploited,risk,Security,0,None,No,Data breaches and legal liability,2024-01-01T00:00:00Z,system
Chaos Monkey,Without Testing,Performance issues only discovered during traffic spikes,risk,Load Testing,0,None,No,System downtime during peak usage,2024-01-01T00:00:00Z,system
Chaos Monkey,Without Testing,Manual testing takes 10x longer and misses edge cases,risk,Development Speed,0,None,No,Slow releases and missed bugs,2024-01-01T00:00:00Z,system
Chaos Monkey,Confidence Score,Overall system confidence: 92% with Chaos Monkey vs 15% without,metric,,92,N/A,N/A,15% confidence without automated testing,2024-01-01T00:00:00Z,system
OneMindAI Best Response,What Is It,Multi-AI aggregation platform that queries 12 AI providers simultaneously and presents the best response,definition,,100,Low,Yes,No unified AI experience - users must switch between providers manually,2024-01-01T00:00:00Z,system
OneMindAI Best Response,Core Purpose,One prompt - 12 AI engines - Best collective intelligence with real-time cost tracking and comparison,definition,,100,Low,Yes,Fragmented AI experience across multiple platforms,2024-01-01T00:00:00Z,system
OneMindAI Best Response,Multi-Engine Support,Supports 12 AI providers: ChatGPT/Claude/Gemini/DeepSeek/Mistral/Perplexity/KIMI/xAI Grok/Groq/Falcon/Sarvam/HuggingFace,benefit,API Integration|Streaming Client,98,Very High,Yes,Limited to single AI provider responses,2024-01-01T00:00:00Z,system
OneMindAI Best Response,Real-Time Streaming,True real-time token-by-token streaming from all providers with no artificial delays,benefit,Streaming Client|WebSocket,95,High,Yes,Slow perceived response times frustrate users,2024-01-01T00:00:00Z,system
OneMindAI Best Response,Cost Tracking,Per-request cost calculation with provider-specific pricing (USD per 1M tokens),benefit,Balance Tracker|Pricing Engine,92,Medium,Yes,No visibility into AI spending - budget overruns,2024-01-01T00:00:00Z,system
OneMindAI Best Response,Token Estimation,Accurate token counting with provider-specific tokenizers (tiktoken/sentencepiece/bytebpe),benefit,Tokenizer Engine|Context Limits,90,High,Yes,Context limit errors and unexpected truncation,2024-01-01T00:00:00Z,system
OneMindAI Best Response,Error Recovery Engine,Automatic error analysis with plain English explanations and auto-fix attempts for rate limits/timeouts,benefit,Error Handling|Retry Manager,94,Very High,Partial,Cryptic error messages confuse users,2024-01-01T00:00:00Z,system
OneMindAI Best Response,Enhanced Markdown,Rich markdown rendering with Mermaid charts/code highlighting/table-to-chart conversion,benefit,Markdown Renderer|Chart Utils,88,High,Yes,Plain text responses lack visual appeal,2024-01-01T00:00:00Z,system
OneMindAI Best Response,Export System,Export responses to PDF/Word/Markdown with beautiful formatting and chart images,benefit,Export Utils|pdfmake/docx,85,High,Yes,Cannot save or share AI responses professionally,2024-01-01T00:00:00Z,system
OneMindAI Best Response,File Upload,Support for document/image uploads with context injection into prompts,benefit,File Utils|Context Builder,82,Medium,Yes,Cannot analyze documents or images with AI,2024-01-01T00:00:00Z,system
OneMindAI Best Response,Balance Manager,CSV-based API balance tracking with usage history and spending alerts,value,Balance Tracker|Backend API,90,Medium,Yes,No budget control - unexpected API bills,2024-01-01T00:00:00Z,system
OneMindAI Best Response,Super Debug Panel,Real-time debugging with pipeline visualization and error tracking,value,Debug Bus|Terminal Logger,85,High,Yes,Difficult to diagnose issues in production,2024-01-01T00:00:00Z,system
OneMindAI Best Response,Request Throttler,Intelligent rate limiting to prevent API abuse and manage concurrent requests,value,Throttler|Queue Manager,88,Medium,Yes,Rate limit errors and API bans,2024-01-01T00:00:00Z,system
OneMindAI Best Response,Retry Manager,Automatic retry with exponential backoff for transient failures,value,Retry Logic|Error Recovery,90,Low,Yes,Single failures cause complete request loss,2024-01-01T00:00:00Z,system
OneMindAI Best Response,Landing Page,Beautiful marketing page with AI logo showcase and feature highlights,value,React Components|Framer Motion,80,Medium,Yes,No professional first impression for visitors,2024-01-01T00:00:00Z,system
OneMindAI Best Response,Streaming Client,Unified streaming interface for all AI providers with chunk handling,dependency,Provider SDKs|Fetch API,98,High,Yes,No real-time responses - must wait for full completion,2024-01-01T00:00:00Z,system
OneMindAI Best Response,Universal AI Client,Abstraction layer for non-streaming requests with unified response format,dependency,Provider APIs|Error Handling,95,High,Yes,Provider-specific code scattered throughout app,2024-01-01T00:00:00Z,system
OneMindAI Best Response,Chart Utils,Mermaid diagram extraction and text-to-chart conversion utilities,dependency,Mermaid.js|ECharts,85,Medium,Yes,No visual data representation in responses,2024-01-01T00:00:00Z,system
OneMindAI Best Response,Terminal Logger,Structured console logging with color-coded output and step tracking,dependency,Debug Infrastructure|Console API,80,Low,Yes,Unstructured logs difficult to parse,2024-01-01T00:00:00Z,system
OneMindAI Best Response,Provider SDKs,Official SDKs for Anthropic/OpenAI/Google Generative AI,dependency,npm packages|API Keys,100,Low,Yes,Must implement raw HTTP for each provider,2024-01-01T00:00:00Z,system
OneMindAI Best Response,React 18,Modern React with hooks/concurrent features/streaming support,dependency,Vite|TypeScript,100,Low,Yes,Outdated UI patterns and performance issues,2024-01-01T00:00:00Z,system
OneMindAI Best Response,TailwindCSS,Utility-first CSS framework for rapid UI development,dependency,PostCSS|Design System,95,Low,Yes,Inconsistent styling and slower development,2024-01-01T00:00:00Z,system
OneMindAI Best Response,Without Multi-Engine,Users limited to single AI provider - miss best answers from other models,risk,,0,None,No,Suboptimal AI responses and missed insights,2024-01-01T00:00:00Z,system
OneMindAI Best Response,Without Cost Tracking,No visibility into API spending - potential budget overruns,risk,Balance Tracker,0,None,No,Unexpected $1000+ API bills,2024-01-01T00:00:00Z,system
OneMindAI Best Response,Without Error Recovery,Cryptic API errors with no guidance - users abandon the platform,risk,Error Recovery Engine,0,None,No,High user churn from frustration,2024-01-01T00:00:00Z,system
OneMindAI Best Response,Without Streaming,Must wait 10-30 seconds for full response - poor UX,risk,Streaming Client,0,None,No,Users perceive app as slow and unresponsive,2024-01-01T00:00:00Z,system
OneMindAI Best Response,Confidence Score,Overall system confidence: 94% with full implementation vs 20% with basic setup,metric,,94,N/A,N/A,20% confidence without proper architecture,2024-01-01T00:00:00Z,system
OneMindAI Best Response,AI Providers Count,12 AI providers integrated with real-time streaming support,metric,,100,N/A,N/A,Single provider limits response quality,2024-01-01T00:00:00Z,system
OneMindAI Best Response,Code Lines,9000+ lines of TypeScript/React code in production,metric,,100,N/A,N/A,Incomplete implementation,2024-01-01T00:00:00Z,system
OneMindAI Best Response,Components Count,45+ React components for UI/rendering/utilities,metric,,100,N/A,N/A,Missing UI functionality,2024-01-01T00:00:00Z,system